legendary,baby,mythical,name,name_ja,num,gen,primary_type,secondary_type
false,false,false,Bulbasaur,フシギダネ,1,1,grass,poison
false,false,false,Ivysaur,フシギソウ,2,1,grass,poison
false,false,false,Venusaur,フシギバナ,3,1,grass,poison
false,false,false,Charmander,ヒトカゲ,4,1,fire,undefined
false,false,false,Charmeleon,リザード,5,1,fire,undefined
false,false,false,Charizard,リザードン,6,1,fire,flying
false,false,false,Squirtle,ゼニガメ,7,1,water,undefined
false,false,false,Wartortle,カメール,8,1,water,undefined
false,false,false,Blastoise,カメックス,9,1,water,undefined
false,false,false,Caterpie,キャタピー,10,1,bug,undefined
false,false,false,Metapod,トランセル,11,1,bug,undefined
false,false,false,Butterfree,バタフリー,12,1,bug,flying
false,false,false,Weedle,ビードル,13,1,bug,poison
false,false,false,Kakuna,コクーン,14,1,bug,poison
false,false,false,Beedrill,スピアー,15,1,bug,poison
false,false,false,Pidgey,ポッポ,16,1,normal,flying
false,false,false,Pidgeotto,ピジョン,17,1,normal,flying
false,false,false,Pidgeot,ピジョット,18,1,normal,flying
false,false,false,Rattata,コラッタ,19,1,normal,undefined
false,false,false,Raticate,ラッタ,20,1,normal,undefined
false,false,false,Spearow,オニスズメ,21,1,normal,flying
false,false,false,Fearow,オニドリル,22,1,normal,flying
false,false,false,Ekans,アーボ,23,1,poison,undefined
false,false,false,Arbok,アーボック,24,1,poison,undefined
false,false,false,Pikachu,ピカチュウ,25,1,electric,undefined
false,false,false,Raichu,ライチュウ,26,1,electric,undefined
false,false,false,Sandshrew,サンド,27,1,ground,undefined
false,false,false,Sandslash,サンドパン,28,1,ground,undefined
false,false,false,Nidoran♀,ニドラン♀,29,1,poison,undefined
false,false,false,Nidorina,ニドリーナ,30,1,poison,undefined
false,false,false,Nidoqueen,ニドクイン,31,1,poison,ground
false,false,false,Nidoran♂,ニドラン♂,32,1,poison,undefined
false,false,false,Nidorino,ニドリーノ,33,1,poison,undefined
false,false,false,Nidoking,ニドキング,34,1,poison,ground
false,false,false,Clefairy,ピッピ,35,1,fairy,undefined
false,false,false,Clefable,ピクシー,36,1,fairy,undefined
false,false,false,Vulpix,ロコン,37,1,fire,undefined
false,false,false,Ninetales,キュウコン,38,1,fire,undefined
false,false,false,Jigglypuff,プリン,39,1,normal,fairy
false,false,false,Wigglytuff,プクリン,40,1,normal,fairy
false,false,false,Zubat,ズバット,41,1,poison,flying
false,false,false,Golbat,ゴルバット,42,1,poison,flying
false,false,false,Oddish,ナゾノクサ,43,1,grass,poison
false,false,false,Gloom,クサイハナ,44,1,grass,poison
false,false,false,Vileplume,ラフレシア,45,1,grass,poison
false,false,false,Paras,パラス,46,1,bug,grass
false,false,false,Parasect,パラセクト,47,1,bug,grass
false,false,false,Venonat,コンパン,48,1,bug,poison
false,false,false,Venomoth,モルフォン,49,1,bug,poison
false,false,false,Diglett,ディグダ,50,1,ground,undefined
false,false,false,Dugtrio,ダグトリオ,51,1,ground,undefined
false,false,false,Meowth,ニャース,52,1,normal,undefined
false,false,false,Persian,ペルシアン,53,1,normal,undefined
false,false,false,Psyduck,コダック,54,1,water,undefined
false,false,false,Golduck,ゴルダック,55,1,water,undefined
false,false,false,Mankey,マンキー,56,1,fighting,undefined
false,false,false,Primeape,オコリザル,57,1,fighting,undefined
false,false,false,Growlithe,ガーディ,58,1,fire,undefined
false,false,false,Arcanine,ウインディ,59,1,fire,undefined
false,false,false,Poliwag,ニョロモ,60,1,water,undefined
false,false,false,Poliwhirl,ニョロゾ,61,1,water,undefined
false,false,false,Poliwrath,ニョロボン,62,1,water,fighting
false,false,false,Abra,ケーシィ,63,1,psychic,undefined
false,false,false,Kadabra,ユンゲラー,64,1,psychic,undefined
false,false,false,Alakazam,フーディン,65,1,psychic,undefined
false,false,false,Machop,ワンリキー,66,1,fighting,undefined
false,false,false,Machoke,ゴーリキー,67,1,fighting,undefined
false,false,false,Machamp,カイリキー,68,1,fighting,undefined
false,false,false,Bellsprout,マダツボミ,69,1,grass,poison
false,false,false,Weepinbell,ウツドン,70,1,grass,poison
false,false,false,Victreebel,ウツボット,71,1,grass,poison
false,false,false,Tentacool,メノクラゲ,72,1,water,poison
false,false,false,Tentacruel,ドククラゲ,73,1,water,poison
false,false,false,Geodude,イシツブテ,74,1,rock,ground
false,false,false,Graveler,ゴローン,75,1,rock,ground
false,false,false,Golem,ゴローニャ,76,1,rock,ground
false,false,false,Ponyta,ポニータ,77,1,fire,undefined
false,false,false,Rapidash,ギャロップ,78,1,fire,undefined
false,false,false,Slowpoke,ヤドン,79,1,water,psychic
false,false,false,Slowbro,ヤドラン,80,1,water,psychic
false,false,false,Magnemite,コイル,81,1,electric,steel
false,false,false,Magneton,レアコイル,82,1,electric,steel
false,false,false,Farfetch'd,カモネギ,83,1,normal,flying
false,false,false,Doduo,ドードー,84,1,normal,flying
false,false,false,Dodrio,ドードリオ,85,1,normal,flying
false,false,false,Seel,パウワウ,86,1,water,undefined
false,false,false,Dewgong,ジュゴン,87,1,water,ice
false,false,false,Grimer,ベトベター,88,1,poison,undefined
false,false,false,Muk,ベトベトン,89,1,poison,undefined
false,false,false,Shellder,シェルダー,90,1,water,undefined
false,false,false,Cloyster,パルシェン,91,1,water,ice
false,false,false,Gastly,ゴース,92,1,ghost,poison
false,false,false,Haunter,ゴースト,93,1,ghost,poison
false,false,false,Gengar,ゲンガー,94,1,ghost,poison
false,false,false,Onix,イワーク,95,1,rock,ground
false,false,false,Drowzee,スリープ,96,1,psychic,undefined
false,false,false,Hypno,スリーパー,97,1,psychic,undefined
false,false,false,Krabby,クラブ,98,1,water,undefined
false,false,false,Kingler,キングラー,99,1,water,undefined
false,false,false,Voltorb,ビリリダマ,100,1,electric,undefined
false,false,false,Electrode,マルマイン,101,1,electric,undefined
false,false,false,Exeggcute,タマタマ,102,1,grass,psychic
false,false,false,Exeggutor,ナッシー,103,1,grass,psychic
false,false,false,Cubone,カラカラ,104,1,ground,undefined
false,false,false,Marowak,ガラガラ,105,1,ground,undefined
false,false,false,Hitmonlee,サワムラー,106,1,fighting,undefined
false,false,false,Hitmonchan,エビワラー,107,1,fighting,undefined
false,false,false,Lickitung,ベロリンガ,108,1,normal,undefined
false,false,false,Koffing,ドガース,109,1,poison,undefined
false,false,false,Weezing,マタドガス,110,1,poison,undefined
false,false,false,Rhyhorn,サイホーン,111,1,ground,rock
false,false,false,Rhydon,サイドン,112,1,ground,rock
false,false,false,Chansey,ラッキー,113,1,normal,undefined
false,false,false,Tangela,モンジャラ,114,1,grass,undefined
false,false,false,Kangaskhan,ガルーラ,115,1,normal,undefined
false,false,false,Horsea,タッツー,116,1,water,undefined
false,false,false,Seadra,シードラ,117,1,water,undefined
false,false,false,Goldeen,トサキント,118,1,water,undefined
false,false,false,Seaking,アズマオウ,119,1,water,undefined
false,false,false,Staryu,ヒトデマン,120,1,water,undefined
false,false,false,Starmie,スターミー,121,1,water,psychic
false,false,false,Mr. Mime,バリヤード,122,1,psychic,undefined
false,false,false,Scyther,ストライク,123,1,bug,flying
false,false,false,Jynx,ルージュラ,124,1,ice,psychic
false,false,false,Electabuzz,エレブー,125,1,electric,undefined
false,false,false,Magmar,ブーバー,126,1,fire,undefined
false,false,false,Pinsir,カイロス,127,1,bug,undefined
false,false,false,Tauros,ケンタロス,128,1,normal,undefined
false,false,false,Magikarp,コイキング,129,1,water,undefined
false,false,false,Gyarados,ギャラドス,130,1,water,flying
false,false,false,Lapras,ラプラス,131,1,water,ice
false,false,false,Ditto,メタモン,132,1,normal,undefined
false,false,false,Eevee,イーブイ,133,1,normal,undefined
false,false,false,Vaporeon,シャワーズ,134,1,water,undefined
false,false,false,Jolteon,サンダース,135,1,electric,undefined
false,false,false,Flareon,ブースター,136,1,fire,undefined
false,false,false,Porygon,ポリゴン,137,1,normal,undefined
false,false,false,Omanyte,オムナイト,138,1,rock,water
false,false,false,Omastar,オムスター,139,1,rock,water
false,false,false,Kabuto,カブト,140,1,rock,water
false,false,false,Kabutops,カブトプス,141,1,rock,water
false,false,false,Aerodactyl,プテラ,142,1,rock,flying
false,false,false,Snorlax,カビゴン,143,1,normal,undefined
true,false,false,Articuno,フリーザー,144,1,ice,flying
true,false,false,Zapdos,サンダー,145,1,electric,flying
true,false,false,Moltres,ファイヤー,146,1,fire,flying
false,false,false,Dratini,ミニリュウ,147,1,dragon,undefined
false,false,false,Dragonair,ハクリュー,148,1,dragon,dragon
false,false,false,Dragonite,カイリュー,149,1,dragon,flying
true,false,false,Mewtwo,ミュウツー,150,1,psychic,undefined
false,false,true,Mew,ミュウ,151,1,psychic,undefined
false,false,false,Chikorita,チコリータ,152,2,grass,undefined
false,false,false,Bayleef,ベイリーフ,153,2,grass,undefined
false,false,false,Meganium,メガニウム,154,2,grass,undefined
false,false,false,Cyndaquil,ヒノアラシ,155,2,fire,undefined
false,false,false,Quilava,マグマラシ,156,2,fire,undefined
false,false,false,Typhlosion,バクフーン,157,2,fire,undefined
false,false,false,Totodile,ワニノコ,158,2,water,undefined
false,false,false,Croconaw,アリゲイツ,159,2,water,undefined
false,false,false,Feraligatr,オーダイル,160,2,water,undefined
false,false,false,Sentret,オタチ,161,2,normal,undefined
false,false,false,Furret,オオタチ,162,2,normal,undefined
false,false,false,Hoothoot,ホーホー,163,2,normal,flying
false,false,false,Noctowl,ヨルノズク,164,2,normal,flying
false,false,false,Ledyba,レディバ,165,2,bug,flying
false,false,false,Ledian,レディアン,166,2,bug,flying
false,false,false,Spinarak,イトマル,167,2,bug,poison
false,false,false,Ariados,アリアドス,168,2,bug,poison
false,false,false,Crobat,クロバット,169,2,poison,flying
false,false,false,Chinchou,チョンチー,170,2,water,electric
false,false,false,Lanturn,ランターン,171,2,water,electric
false,true,false,Pichu,ピチュー,172,2,electric,undefined
false,true,false,Cleffa,ピィ,173,2,fairy,undefined
false,true,false,Igglybuff,ププリン,174,2,normal,fairy
false,true,false,Togepi,トゲピー,175,2,fairy,undefined
false,false,false,Togetic,トゲチック,176,2,fairy,flying
false,false,false,Natu,ネイティ,177,2,psychic,flying
false,false,false,Xatu,ネイティオ,178,2,psychic,flying
false,false,false,Mareep,メリープ,179,2,electric,undefined
false,false,false,Flaaffy,モココ,180,2,electric,undefined
false,false,false,Ampharos,デンリュウ,181,2,electric,undefined
false,false,false,Bellossom,キレイハナ,182,2,grass,undefined
false,false,false,Marill,マリル,183,2,water,fairy
false,false,false,Azumarill,マリルリ,184,2,water,fairy
false,false,false,Sudowoodo,ウソッキー,185,2,rock,undefined
false,false,false,Politoed,ニョロトノ,186,2,water,undefined
false,false,false,Hoppip,ハネッコ,187,2,grass,flying
false,false,false,Skiploom,ポポッコ,188,2,grass,flying
false,false,false,Jumpluff,ワタッコ,189,2,grass,flying
false,false,false,Aipom,エイパム,190,2,normal,undefined
false,false,false,Sunkern,ヒマナッツ,191,2,grass,undefined
false,false,false,Sunflora,キマワリ,192,2,grass,undefined
false,false,false,Yanma,ヤンヤンマ,193,2,bug,flying
false,false,false,Wooper,ウパー,194,2,water,ground
false,false,false,Quagsire,ヌオー,195,2,water,ground
false,false,false,Espeon,エーフィ,196,2,psychic,undefined
false,false,false,Umbreon,ブラッキー,197,2,dark,undefined
false,false,false,Murkrow,ヤミカラス,198,2,dark,flying
false,false,false,Slowking,ヤドキング,199,2,water,psychic
false,false,false,Misdreavus,ムウマ,200,2,ghost,undefined
false,false,false,Unown,アンノーン,201,2,psychic,undefined
false,false,false,Wobbuffet,ソーナンス,202,2,psychic,undefined
false,false,false,Girafarig,キリンリキ,203,2,normal,psychic
false,false,false,Pineco,クヌギダマ,204,2,bug,undefined
false,false,false,Forretress,フォレトス,205,2,bug,steel
false,false,false,Dunsparce,ノコッチ,206,2,normal,undefined
false,false,false,Gligar,グライガー,207,2,ground,flying
false,false,false,Steelix,ハガネール,208,2,steel,ground
false,false,false,Snubbull,ブルー,209,2,fairy,undefined
false,false,false,Granbull,グランブル,210,2,fairy,undefined
false,false,false,Qwilfish,ハリーセン,211,2,water,poison
false,false,false,Scizor,ハッサム,212,2,bug,steel
false,false,false,Shuckle,ツボツボ,213,2,bug,rock
false,false,false,Heracross,ヘラクロス,214,2,bug,fighting
false,false,false,Sneasel,ニューラ,215,2,dark,ice
false,false,false,Teddiursa,ヒメグマ,216,2,normal,undefined
false,false,false,Ursaring,リングマ,217,2,normal,undefined
false,false,false,Slugma,マグマッグ,218,2,fire,undefined
false,false,false,Magcargo,マグカルゴ,219,2,fire,rock
false,false,false,Swinub,ウリムー,220,2,ice,ground
false,false,false,Piloswine,イノムー,221,2,ice,ground
false,false,false,Corsola,サニーゴ,222,2,water,rock
false,false,false,Remoraid,テッポウオ,223,2,water,undefined
false,false,false,Octillery,オクタン,224,2,water,undefined
false,false,false,Delibird,デリバード,225,2,ice,flying
false,false,false,Mantine,マンタイン,226,2,water,flying
false,false,false,Skarmory,エアームド,227,2,steel,flying
false,false,false,Houndour,デルビル,228,2,dark,fire
false,false,false,Houndoom,ヘルガー,229,2,dark,fire
false,false,false,Kingdra,キングドラ,230,2,water,dragon
false,false,false,Phanpy,ゴマゾウ,231,2,ground,undefined
false,false,false,Donphan,ドンファン,232,2,ground,undefined
false,false,false,Porygon2,ポリゴン２,233,2,normal,undefined
false,false,false,Stantler,オドシシ,234,2,normal,undefined
false,false,false,Smeargle,ドーブル,235,2,normal,undefined
false,true,false,Tyrogue,バルキー,236,2,fighting,undefined
false,false,false,Hitmontop,カポエラー,237,2,fighting,undefined
false,true,false,Smoochum,ムチュール,238,2,ice,psychic
false,true,false,Elekid,エレキッド,239,2,electric,undefined
false,true,false,Magby,ブビィ,240,2,fire,undefined
false,false,false,Miltank,ミルタンク,241,2,normal,undefined
false,false,false,Blissey,ハピナス,242,2,normal,undefined
true,false,false,Raikou,ライコウ,243,2,electric,undefined
true,false,false,Entei,エンテイ,244,2,fire,undefined
true,false,false,Suicune,スイクン,245,2,water,undefined
false,false,false,Larvitar,ヨーギラス,246,2,rock,ground
false,false,false,Pupitar,サナギラス,247,2,rock,ground
false,false,false,Tyranitar,バンギラス,248,2,rock,dark
true,false,false,Lugia,ルギア,249,2,psychic,flying
true,false,false,Ho-Oh,ホウオウ,250,2,fire,flying
false,false,true,Celebi,セレビィ,251,2,psychic,grass
false,false,false,Treecko,キモリ,252,3,grass,undefined
false,false,false,Grovyle,ジュプトル,253,3,grass,undefined
false,false,false,Sceptile,ジュカイン,254,3,grass,undefined
false,false,false,Torchic,アチャモ,255,3,fire,undefined
false,false,false,Combusken,ワカシャモ,256,3,fire,fighting
false,false,false,Blaziken,バシャーモ,257,3,fire,fighting
false,false,false,Mudkip,ミズゴロウ,258,3,water,undefined
false,false,false,Marshtomp,ヌマクロー,259,3,water,ground
false,false,false,Swampert,ラグラージ,260,3,water,ground
false,false,false,Poochyena,ポチエナ,261,3,dark,undefined
false,false,false,Mightyena,グラエナ,262,3,dark,undefined
false,false,false,Zigzagoon,ジグザグマ,263,3,normal,undefined
false,false,false,Linoone,マッスグマ,264,3,normal,undefined
false,false,false,Wurmple,ケムッソ,265,3,bug,undefined
false,false,false,Silcoon,カラサリス,266,3,bug,undefined
false,false,false,Beautifly,アゲハント,267,3,bug,flying
false,false,false,Cascoon,マユルド,268,3,bug,undefined
false,false,false,Dustox,ドクケイル,269,3,bug,poison
false,false,false,Lotad,ハスボー,270,3,water,grass
false,false,false,Lombre,ハスブレロ,271,3,water,grass
false,false,false,Ludicolo,ルンパッパ,272,3,water,grass
false,false,false,Seedot,タネボー,273,3,grass,undefined
false,false,false,Nuzleaf,コノハナ,274,3,grass,dark
false,false,false,Shiftry,ダーテング,275,3,grass,dark
false,false,false,Taillow,スバメ,276,3,normal,flying
false,false,false,Swellow,オオスバメ,277,3,normal,flying
false,false,false,Wingull,キャモメ,278,3,water,flying
false,false,false,Pelipper,ペリッパー,279,3,water,flying
false,false,false,Ralts,ラルトス,280,3,psychic,fairy
false,false,false,Kirlia,キルリア,281,3,psychic,fairy
false,false,false,Gardevoir,サーナイト,282,3,psychic,fairy
false,false,false,Surskit,アメタマ,283,3,bug,water
false,false,false,Masquerain,アメモース,284,3,bug,flying
false,false,false,Shroomish,キノココ,285,3,grass,undefined
false,false,false,Breloom,キノガッサ,286,3,grass,fighting
false,false,false,Slakoth,ナマケロ,287,3,normal,undefined
false,false,false,Vigoroth,ヤルキモノ,288,3,normal,undefined
false,false,false,Slaking,ケッキング,289,3,normal,undefined
false,false,false,Nincada,ツチニン,290,3,bug,ground
false,false,false,Ninjask,テッカニン,291,3,bug,flying
false,false,false,Shedinja,ヌケニン,292,3,bug,ghost
false,false,false,Whismur,ゴニョニョ,293,3,normal,undefined
false,false,false,Loudred,ドゴーム,294,3,normal,undefined
false,false,false,Exploud,バクオング,295,3,normal,undefined
false,false,false,Makuhita,マクノシタ,296,3,fighting,undefined
false,false,false,Hariyama,ハリテヤマ,297,3,fighting,undefined
false,true,false,Azurill,ルリリ,298,3,normal,fairy
false,false,false,Nosepass,ノズパス,299,3,rock,undefined
false,false,false,Skitty,エネコ,300,3,normal,undefined
false,false,false,Delcatty,エネコロロ,301,3,normal,undefined
false,false,false,Sableye,ヤミラミ,302,3,dark,ghost
false,false,false,Mawile,クチート,303,3,steel,fairy
false,false,false,Aron,ココドラ,304,3,steel,rock
false,false,false,Lairon,コドラ,305,3,steel,rock
false,false,false,Aggron,ボスゴドラ,306,3,steel,rock
false,false,false,Meditite,アサナン,307,3,fighting,psychic
false,false,false,Medicham,チャーレム,308,3,fighting,psychic
false,false,false,Electrike,ラクライ,309,3,electric,undefined
false,false,false,Manectric,ライボルト,310,3,electric,undefined
false,false,false,Plusle,プラスル,311,3,electric,undefined
false,false,false,Minun,マイナン,312,3,electric,undefined
false,false,false,Volbeat,バルビート,313,3,bug,undefined
false,false,false,Illumise,イルミーゼ,314,3,bug,undefined
false,false,false,Roselia,ロゼリア,315,3,grass,poison
false,false,false,Gulpin,ゴクリン,316,3,poison,undefined
false,false,false,Swalot,マルノーム,317,3,poison,undefined
false,false,false,Carvanha,キバニア,318,3,water,dark
false,false,false,Sharpedo,サメハダー,319,3,water,dark
false,false,false,Wailmer,ホエルコ,320,3,water,undefined
false,false,false,Wailord,ホエルオー,321,3,water,undefined
false,false,false,Numel,ドンメル,322,3,fire,ground
false,false,false,Camerupt,バクーダ,323,3,fire,ground
false,false,false,Torkoal,コータス,324,3,fire,undefined
false,false,false,Spoink,バネブー,325,3,psychic,undefined
false,false,false,Grumpig,ブーピッグ,326,3,psychic,undefined
false,false,false,Spinda,パッチール,327,3,normal,undefined
false,false,false,Trapinch,ナックラー,328,3,ground,undefined
false,false,false,Vibrava,ビブラーバ,329,3,ground,dragon
false,false,false,Flygon,フライゴン,330,3,ground,dragon
false,false,false,Cacnea,サボネア,331,3,grass,undefined
false,false,false,Cacturne,ノクタス,332,3,grass,dark
false,false,false,Swablu,チルット,333,3,normal,flying
false,false,false,Altaria,チルタリス,334,3,dragon,flying
false,false,false,Zangoose,ザングース,335,3,normal,undefined
false,false,false,Seviper,ハブネーク,336,3,poison,undefined
false,false,false,Lunatone,ルナトーン,337,3,rock,psychic
false,false,false,Solrock,ソルロック,338,3,rock,psychic
false,false,false,Barboach,ドジョッチ,339,3,water,ground
false,false,false,Whiscash,ナマズン,340,3,water,ground
false,false,false,Corphish,ヘイガニ,341,3,water,undefined
false,false,false,Crawdaunt,シザリガー,342,3,water,dark
false,false,false,Baltoy,ヤジロン,343,3,ground,psychic
false,false,false,Claydol,ネンドール,344,3,ground,psychic
false,false,false,Lileep,リリーラ,345,3,rock,grass
false,false,false,Cradily,ユレイドル,346,3,rock,grass
false,false,false,Anorith,アノプス,347,3,rock,bug
false,false,false,Armaldo,アーマルド,348,3,rock,bug
false,false,false,Feebas,ヒンバス,349,3,water,undefined
false,false,false,Milotic,ミロカロス,350,3,water,undefined
false,false,false,Castform,ポワルン,351,3,normal,undefined
false,false,false,Kecleon,カクレオン,352,3,normal,undefined
false,false,false,Shuppet,カゲボウズ,353,3,ghost,undefined
false,false,false,Banette,ジュペッタ,354,3,ghost,undefined
false,false,false,Duskull,ヨマワル,355,3,ghost,undefined
false,false,false,Dusclops,サマヨール,356,3,ghost,undefined
false,false,false,Tropius,トロピウス,357,3,grass,flying
false,false,false,Chimecho,チリーン,358,3,psychic,undefined
false,false,false,Absol,アブソル,359,3,dark,undefined
false,true,false,Wynaut,ソーナノ,360,3,psychic,undefined
false,false,false,Snorunt,ユキワラシ,361,3,ice,undefined
false,false,false,Glalie,オニゴーリ,362,3,ice,undefined
false,false,false,Spheal,タマザラシ,363,3,ice,water
false,false,false,Sealeo,トドグラー,364,3,ice,water
false,false,false,Walrein,トドゼルガ,365,3,ice,water
false,false,false,Clamperl,パールル,366,3,water,undefined
false,false,false,Huntail,ハンテール,367,3,water,undefined
false,false,false,Gorebyss,サクラビス,368,3,water,undefined
false,false,false,Relicanth,ジーランス,369,3,water,rock
false,false,false,Luvdisc,ラブカス,370,3,water,undefined
false,false,false,Bagon,タツベイ,371,3,dragon,undefined
false,false,false,Shelgon,コモルー,372,3,dragon,undefined
false,false,false,Salamence,ボーマンダ,373,3,dragon,flying
false,false,false,Beldum,ダンバル,374,3,steel,psychic
false,false,false,Metang,メタング,375,3,steel,psychic
false,false,false,Metagross,メタグロス,376,3,steel,psychic
true,false,false,Regirock,レジロック,377,3,rock,undefined
true,false,false,Regice,レジアイス,378,3,ice,undefined
true,false,false,Registeel,レジスチル,379,3,steel,undefined
true,false,false,Latias,ラティアス,380,3,dragon,psychic
true,false,false,Latios,ラティオス,381,3,dragon,psychic
true,false,false,Kyogre,カイオーガ,382,3,water,undefined
true,false,false,Groudon,グラードン,383,3,ground,undefined
true,false,false,Rayquaza,レックウザ,384,3,dragon,flying
false,false,true,Jirachi,ジラーチ,385,3,steel,psychic
false,false,true,Deoxys,デオキシス,386,3,psychic,undefined
false,false,false,Turtwig,ナエトル,387,4,grass,undefined
false,false,false,Grotle,ハヤシガメ,388,4,grass,undefined
false,false,false,Torterra,ドダイトス,389,4,grass,ground
false,false,false,Chimchar,ヒコザル,390,4,fire,undefined
false,false,false,Monferno,モウカザル,391,4,fire,fighting
false,false,false,Infernape,ゴウカザル,392,4,fire,fighting
false,false,false,Piplup,ポッチャマ,393,4,water,undefined
false,false,false,Prinplup,ポッタイシ,394,4,water,undefined
false,false,false,Empoleon,エンペルト,395,4,water,steel
false,false,false,Starly,ムックル,396,4,normal,flying
false,false,false,Staravia,ムクバード,397,4,normal,flying
false,false,false,Staraptor,ムクホーク,398,4,normal,flying
false,false,false,Bidoof,ビッパ,399,4,normal,undefined
false,false,false,Bibarel,ビーダル,400,4,normal,water
false,false,false,Kricketot,コロボーシ,401,4,bug,undefined
false,false,false,Kricketune,コロトック,402,4,bug,undefined
false,false,false,Shinx,コリンク,403,4,electric,undefined
false,false,false,Luxio,ルクシオ,404,4,electric,undefined
false,false,false,Luxray,レントラー,405,4,electric,undefined
false,true,false,Budew,スボミー,406,4,grass,poison
false,false,false,Roserade,ロズレイド,407,4,grass,poison
false,false,false,Cranidos,ズガイドス,408,4,rock,undefined
false,false,false,Rampardos,ラムパルド,409,4,rock,undefined
false,false,false,Shieldon,タテトプス,410,4,rock,steel
false,false,false,Bastiodon,トリデプス,411,4,rock,steel
false,false,false,Burmy,ミノムッチ,412,4,bug,undefined
false,false,false,Wormadam,ミノマダム,413,4,bug,grass
false,false,false,Mothim,ガーメイル,414,4,bug,flying
false,false,false,Combee,ミツハニー,415,4,bug,flying
false,false,false,Vespiquen,ビークイン,416,4,bug,flying
false,false,false,Pachirisu,パチリス,417,4,electric,undefined
false,false,false,Buizel,ブイゼル,418,4,water,undefined
false,false,false,Floatzel,フローゼル,419,4,water,undefined
false,false,false,Cherubi,チェリンボ,420,4,grass,undefined
false,false,false,Cherrim,チェリム,421,4,grass,undefined
false,false,false,Shellos,カラナクシ,422,4,water,undefined
false,false,false,Gastrodon,トリトドン,423,4,water,ground
false,false,false,Ambipom,エテボース,424,4,normal,undefined
false,false,false,Drifloon,フワンテ,425,4,ghost,flying
false,false,false,Drifblim,フワライド,426,4,ghost,flying
false,false,false,Buneary,ミミロル,427,4,normal,undefined
false,false,false,Lopunny,ミミロップ,428,4,normal,undefined
false,false,false,Mismagius,ムウマージ,429,4,ghost,undefined
false,false,false,Honchkrow,ドンカラス,430,4,dark,flying
false,false,false,Glameow,ニャルマー,431,4,normal,undefined
false,false,false,Purugly,ブニャット,432,4,normal,undefined
false,true,false,Chingling,リーシャン,433,4,psychic,undefined
false,false,false,Stunky,スカンプー,434,4,poison,dark
false,false,false,Skuntank,スカタンク,435,4,poison,dark
false,false,false,Bronzor,ドーミラー,436,4,steel,psychic
false,false,false,Bronzong,ドータクン,437,4,steel,psychic
false,true,false,Bonsly,ウソハチ,438,4,rock,undefined
false,true,false,Mime Jr.,マネネ,439,4,psychic,fairy
false,true,false,Happiny,ピンプク,440,4,normal,undefined
false,false,false,Chatot,ペラップ,441,4,normal,flying
false,false,false,Spiritomb,ミカルゲ,442,4,ghost,dark
false,false,false,Gible,フカマル,443,4,dragon,ground
false,false,false,Gabite,ガバイト,444,4,dragon,ground
false,false,false,Garchomp,ガブリアス,445,4,dragon,ground
false,true,false,Munchlax,ゴンベ,446,4,normal,undefined
false,true,false,Riolu,リオル,447,4,fighting,undefined
false,false,false,Lucario,ルカリオ,448,4,fighting,steel
false,false,false,Hippopotas,ヒポポタス,449,4,ground,undefined
false,false,false,Hippowdon,カバルドン,450,4,ground,undefined
false,false,false,Skorupi,スコルピ,451,4,poison,bug
false,false,false,Drapion,ドラピオン,452,4,poison,dark
false,false,false,Croagunk,グレッグル,453,4,poison,fighting
false,false,false,Toxicroak,ドクロッグ,454,4,poison,fighting
false,false,false,Carnivine,マスキッパ,455,4,grass,undefined
false,false,false,Finneon,ケイコウオ,456,4,water,undefined
false,false,false,Lumineon,ネオラント,457,4,water,undefined
false,true,false,Mantyke,タマンタ,458,4,water,flying
false,false,false,Snover,ユキカブリ,459,4,grass,ice
false,false,false,Abomasnow,ユキノオー,460,4,grass,ice
false,false,false,Weavile,マニューラ,461,4,dark,ice
false,false,false,Magnezone,ジバコイル,462,4,electric,steel
false,false,false,Lickilicky,ベロベルト,463,4,normal,undefined
false,false,false,Rhyperior,ドサイドン,464,4,ground,rock
false,false,false,Tangrowth,モジャンボ,465,4,grass,undefined
false,false,false,Electivire,エレキブル,466,4,electric,undefined
false,false,false,Magmortar,ブーバーン,467,4,fire,undefined
false,false,false,Togekiss,トゲキッス,468,4,fairy,flying
false,false,false,Yanmega,メガヤンマ,469,4,bug,flying
false,false,false,Leafeon,リーフィア,470,4,grass,undefined
false,false,false,Glaceon,グレイシア,471,4,ice,undefined
false,false,false,Gliscor,グライオン,472,4,ground,flying
false,false,false,Mamoswine,マンムー,473,4,ice,ground
false,false,false,Porygon-Z,ポリゴンＺ,474,4,normal,undefined
false,false,false,Gallade,エルレイド,475,4,psychic,fighting
false,false,false,Probopass,ダイノーズ,476,4,rock,steel
false,false,false,Dusknoir,ヨノワール,477,4,ghost,undefined
false,false,false,Froslass,ユキメノコ,478,4,ice,ghost
false,false,false,Rotom,ロトム,479,4,electric,ghost
true,false,false,Uxie,ユクシー,480,4,psychic,undefined
true,false,false,Mesprit,エムリット,481,4,psychic,undefined
true,false,false,Azelf,アグノム,482,4,psychic,undefined
true,false,false,Dialga,ディアルガ,483,4,steel,dragon
true,false,false,Palkia,パルキア,484,4,water,dragon
true,false,false,Heatran,ヒードラン,485,4,fire,steel
true,false,false,Regigigas,レジギガス,486,4,normal,undefined
true,false,false,Giratina,ギラティナ,487,4,ghost,dragon
true,false,false,Cresselia,クレセリア,488,4,psychic,undefined
false,false,true,Phione,フィオネ,489,4,water,undefined
false,false,true,Manaphy,マナフィ,490,4,water,undefined
false,false,true,Darkrai,ダークライ,491,4,dark,undefined
false,false,true,Shaymin,シェイミ,492,4,grass,undefined
false,false,true,Arceus,アルセウス,493,4,normal,undefined
false,false,true,Victini,ビクティニ,494,5,psychic,fire
false,false,false,Snivy,ツタージャ,495,5,grass,undefined
false,false,false,Servine,ジャノビー,496,5,grass,undefined
false,false,false,Serperior,ジャローダ,497,5,grass,undefined
false,false,false,Tepig,ポカブ,498,5,fire,undefined
false,false,false,Pignite,チャオブー,499,5,fire,fighting
false,false,false,Emboar,エンブオー,500,5,fire,fighting
false,false,false,Oshawott,ミジュマル,501,5,water,undefined
false,false,false,Dewott,フタチマル,502,5,water,undefined
false,false,false,Samurott,ダイケンキ,503,5,water,undefined
false,false,false,Patrat,ミネズミ,504,5,normal,undefined
false,false,false,Watchog,ミルホロウ,505,5,normal,undefined
false,false,false,Lillipup,ヨーテリー,506,5,normal,undefined
false,false,false,Herdier,ハーデリア,507,5,normal,undefined
false,false,false,Stoutland,ムーランド,508,5,normal,undefined
false,false,false,Purrloin,チョロネコ,509,5,dark,undefined
false,false,false,Liepard,レパルダス,510,5,dark,undefined
false,false,false,Pansage,ヤナップ,511,5,grass,undefined
false,false,false,Simisage,ヤナッキー,512,5,grass,undefined
false,false,false,Pansear,バオップ,513,5,fire,undefined
false,false,false,Simisear,バオッキー,514,5,fire,undefined
false,false,false,Panpour,ヒヤップ,515,5,water,undefined
false,false,false,Simipour,ヒヤッキー,516,5,water,undefined
false,false,false,Munna,ムンナ,517,5,psychic,undefined
false,false,false,Musharna,ムシャーナ,518,5,psychic,undefined
false,false,false,Pidove,マメパト,519,5,normal,flying
false,false,false,Tranquill,ハトーボー,520,5,normal,flying
false,false,false,Unfezant,ケンホロウ,521,5,normal,flying
false,false,false,Blitzle,シママ,522,5,electric,undefined
false,false,false,Zebstrika,ゼブライカ,523,5,electric,undefined
false,false,false,Roggenrola,ダンゴロ,524,5,rock,undefined
false,false,false,Boldore,ガントル,525,5,rock,undefined
false,false,false,Gigalith,ギガイアス,526,5,rock,undefined
false,false,false,Woobat,コロモリ,527,5,psychic,flying
false,false,false,Swoobat,ココロモリ,528,5,psychic,flying
false,false,false,Drilbur,モグリュー,529,5,ground,undefined
false,false,false,Excadrill,ドリュウズ,530,5,ground,steel
false,false,false,Audino,タブンネ,531,5,normal,undefined
false,false,false,Timburr,ドッコラー,532,5,fighting,undefined
false,false,false,Gurdurr,ドテッコツ,533,5,fighting,undefined
false,false,false,Conkeldurr,ローブシン,534,5,fighting,undefined
false,false,false,Tympole,オタマロ,535,5,water,undefined
false,false,false,Palpitoad,ガマガル,536,5,water,ground
false,false,false,Seismitoad,ガマゲロゲ,537,5,water,ground
false,false,false,Throh,ナゲキ,538,5,fighting,undefined
false,false,false,Sawk,ダゲキ,539,5,fighting,undefined
false,false,false,Sewaddle,クルミル,540,5,bug,grass
false,false,false,Swadloon,クルマユ,541,5,bug,grass
false,false,false,Leavanny,ハハコモリ,542,5,bug,grass
false,false,false,Venipede,フシデ,543,5,bug,poison
false,false,false,Whirlipede,ホイーガ,544,5,bug,poison
false,false,false,Scolipede,ペンドラー,545,5,bug,poison
false,false,false,Cottonee,モンメン,546,5,grass,fairy
false,false,false,Whimsicott,エルフーン,547,5,grass,fairy
false,false,false,Petilil,チュリネ,548,5,grass,undefined
false,false,false,Lilligant,ドレディア,549,5,grass,undefined
false,false,false,Basculin,バスラオ,550,5,water,undefined
false,false,false,Sandile,メグロコ,551,5,ground,dark
false,false,false,Krokorok,ワルビル,552,5,ground,dark
false,false,false,Krookodile,ワルビアル,553,5,ground,dark
false,false,false,Darumaka,ダルマッカ,554,5,fire,undefined
false,false,false,Darmanitan,ヒヒダルマ,555,5,fire,undefined
false,false,false,Maractus,マラカッチ,556,5,grass,undefined
false,false,false,Dwebble,イシズマイ,557,5,bug,rock
false,false,false,Crustle,イワパレス,558,5,bug,rock
false,false,false,Scraggy,ズルッグ,559,5,dark,fighting
false,false,false,Scrafty,ズルズキン,560,5,dark,fighting
false,false,false,Sigilyph,シンボラー,561,5,psychic,flying
false,false,false,Yamask,デスマス,562,5,ghost,undefined
false,false,false,Cofagrigus,デスカーン,563,5,ghost,undefined
false,false,false,Tirtouga,プロトーガ,564,5,water,rock
false,false,false,Carracosta,アバゴーラ,565,5,water,rock
false,false,false,Archen,アーケン,566,5,rock,flying
false,false,false,Archeops,アーケオス,567,5,rock,flying
false,false,false,Trubbish,ヤブクロン,568,5,poison,undefined
false,false,false,Garbodor,ダストダス,569,5,poison,undefined
false,false,false,Zorua,ゾロア,570,5,dark,undefined
false,false,false,Zoroark,ゾロアーク,571,5,dark,undefined
false,false,false,Minccino,チラーミィ,572,5,normal,undefined
false,false,false,Cinccino,チラチーノ,573,5,normal,undefined
false,false,false,Gothita,ゴチム,574,5,psychic,undefined
false,false,false,Gothorita,ゴチミル,575,5,psychic,undefined
false,false,false,Gothitelle,ゴチルゼル,576,5,psychic,undefined
false,false,false,Solosis,ユニラン,577,5,psychic,undefined
false,false,false,Duosion,ダブラン,578,5,psychic,undefined
false,false,false,Reuniclus,ランクルス,579,5,psychic,undefined
false,false,false,Ducklett,コアルヒー,580,5,water,flying
false,false,false,Swanna,スワンナ,581,5,water,flying
false,false,false,Vanillite,バニプッチ,582,5,ice,undefined
false,false,false,Vanillish,バニリッチ,583,5,ice,undefined
false,false,false,Vanilluxe,バイバニラ,584,5,ice,undefined
false,false,false,Deerling,シキジカ,585,5,normal,grass
false,false,false,Sawsbuck,メブキジカ,586,5,normal,grass
false,false,false,Emolga,エモンガ,587,5,electric,flying
false,false,false,Karrablast,カブルモ,588,5,bug,undefined
false,false,false,Escavalier,シュバルゴ,589,5,bug,steel
false,false,false,Foongus,タマゲタケ,590,5,grass,poison
false,false,false,Amoonguss,モロバレル,591,5,grass,poison
false,false,false,Frillish,プルリル,592,5,water,ghost
false,false,false,Jellicent,ブルンゲル,593,5,water,ghost
false,false,false,Alomomola,ママンボウ,594,5,water,undefined
false,false,false,Joltik,バチュル,595,5,bug,electric
false,false,false,Galvantula,デンチュラ,596,5,bug,electric
false,false,false,Ferroseed,テッシード,597,5,grass,steel
false,false,false,Ferrothorn,ナットレイ,598,5,grass,steel
false,false,false,Klink,ギアル,599,5,steel,undefined
false,false,false,Klang,ギギアル,600,5,steel,undefined
false,false,false,Klinklang,ギギギアル,601,5,steel,undefined
false,false,false,Tynamo,シビシラス,602,5,electric,undefined
false,false,false,Eelektrik,シビビール,603,5,electric,undefined
false,false,false,Eelektross,シビルドン,604,5,electric,undefined
false,false,false,Elgyem,リグレー,605,5,psychic,undefined
false,false,false,Beheeyem,オーベム,606,5,psychic,undefined
false,false,false,Litwick,ヒトモシ,607,5,ghost,fire
false,false,false,Lampent,ランプラー,608,5,ghost,fire
false,false,false,Chandelure,シャンデラ,609,5,ghost,fire
false,false,false,Axew,キバゴ,610,5,dragon,undefined
false,false,false,Fraxure,オノンド,611,5,dragon,undefined
false,false,false,Haxorus,オノノクス,612,5,dragon,undefined
false,false,false,Cubchoo,クマシュン,613,5,ice,undefined
false,false,false,Beartic,ツンベアー,614,5,ice,undefined
false,false,false,Cryogonal,フリージオ,615,5,ice,undefined
false,false,false,Shelmet,チョボマキ,616,5,bug,undefined
false,false,false,Accelgor,アギルダー,617,5,bug,undefined
false,false,false,Stunfisk,マッギョ,618,5,ground,electric
false,false,false,Mienfoo,コジョフー,619,5,fighting,undefined
false,false,false,Mienshao,コジョンド,620,5,fighting,undefined
false,false,false,Druddigon,クリムガン,621,5,dragon,undefined
false,false,false,Golett,ゴビット,622,5,ground,ghost
false,false,false,Golurk,ゴルーグ,623,5,ground,ghost
false,false,false,Pawniard,コマタナ,624,5,dark,steel
false,false,false,Bisharp,キリキザン,625,5,dark,steel
false,false,false,Bouffalant,バッフロン,626,5,normal,undefined
false,false,false,Rufflet,ワシボン,627,5,normal,flying
false,false,false,Braviary,ウォーグル,628,5,normal,flying
false,false,false,Vullaby,バルチャイ,629,5,dark,flying
false,false,false,Mandibuzz,バルジーナ,630,5,dark,flying
false,false,false,Heatmor,クイタラン,631,5,fire,undefined
false,false,false,Durant,アイアント,632,5,bug,steel
false,false,false,Deino,モノズ,633,5,dark,dragon
false,false,false,Zweilous,ジヘッド,634,5,dark,dragon
false,false,false,Hydreigon,サザンドラ,635,5,dark,dragon
false,false,false,Larvesta,メラルバ,636,5,bug,fire
false,false,false,Volcarona,ウルガモス,637,5,bug,fire
true,false,false,Cobalion,コバルオン,638,5,steel,fighting
true,false,false,Terrakion,テラキオン,639,5,rock,fighting
true,false,false,Virizion,ビリジオン,640,5,grass,fighting
true,false,false,Tornadus,トルネロス,641,5,flying,undefined
true,false,false,Thundurus,ボルトロス,642,5,electric,flying
true,false,false,Reshiram,レシラム,643,5,dragon,fire
true,false,false,Zekrom,ゼクロム,644,5,dragon,electric
true,false,false,Landorus,ランドロス,645,5,ground,flying
true,false,false,Kyurem,キュレム,646,5,dragon,ice
false,false,true,Keldeo,ケルディオ,647,5,water,fighting
false,false,true,Meloetta,メロエッタ,648,5,normal,psychic
false,false,true,Genesect,ゲノセクト,649,5,bug,steel
false,false,false,Chespin,ハリマロン,650,6,grass,undefined
false,false,false,Quilladin,ハリボーグ,651,6,grass,undefined
false,false,false,Chesnaught,ブリガロン,652,6,grass,fighting
false,false,false,Fennekin,フォッコ,653,6,fire,undefined
false,false,false,Braixen,テールナー,654,6,fire,undefined
false,false,false,Delphox,マフォクシー,655,6,fire,psychic
false,false,false,Froakie,ケロマツ,656,6,water,undefined
false,false,false,Frogadier,ゲコガシラ,657,6,water,undefined
false,false,false,Greninja,ゲッコウガ,658,6,water,dark
false,false,false,Bunnelby,ホルビー,659,6,normal,undefined
false,false,false,Diggersby,ホルード,660,6,normal,ground
false,false,false,Fletchling,ヤヤコマ,661,6,normal,flying
false,false,false,Fletchinder,ヒノヤコマ,662,6,fire,flying
false,false,false,Talonflame,ファイアロー,663,6,fire,flying
false,false,false,Scatterbug,コフキムシ,664,6,bug,undefined
false,false,false,Spewpa,コフーライ,665,6,bug,undefined
false,false,false,Vivillon,ビビヨン,666,6,bug,flying
false,false,false,Litleo,シシコ,667,6,fire,normal
false,false,false,Pyroar,カエンジシ,668,6,fire,normal
false,false,false,Flabébé,フラベベ,669,6,fairy,undefined
false,false,false,Floette,フラエッテ,670,6,fairy,undefined
false,false,false,Florges,フラージェス,671,6,fairy,undefined
false,false,false,Skiddo,メェークル,672,6,grass,undefined
false,false,false,Gogoat,ゴーゴート,673,6,grass,undefined
false,false,false,Pancham,ヤンチャム,674,6,fighting,undefined
false,false,false,Pangoro,ゴロンダ,675,6,fighting,dark
false,false,false,Furfrou,トリミアン,676,6,normal,undefined
false,false,false,Espurr,ニャスパー,677,6,psychic,undefined
false,false,false,Meowstic,ニャオニクス,678,6,psychic,undefined
false,false,false,Honedge,ヒトツキ,679,6,steel,ghost
false,false,false,Doublade,ニダンギル,680,6,steel,ghost
false,false,false,Aegislash,ギルガルド,681,6,steel,ghost
false,false,false,Spritzee,シュシュプ,682,6,fairy,undefined
false,false,false,Aromatisse,フレフワン,683,6,fairy,undefined
false,false,false,Swirlix,ペロッパフ,684,6,fairy,undefined
false,false,false,Slurpuff,ペロリーム,685,6,fairy,undefined
false,false,false,Inkay,マーイーカ,686,6,dark,psychic
false,false,false,Malamar,カラマネロ,687,6,dark,psychic
false,false,false,Binacle,カメテテ,688,6,rock,water
false,false,false,Barbaracle,ガメノデス,689,6,rock,water
false,false,false,Skrelp,クズモー,690,6,poison,water
false,false,false,Dragalge,ドラミドロ,691,6,poison,dragon
false,false,false,Clauncher,ウデッポウ,692,6,water,undefined
false,false,false,Clawitzer,ブロスター,693,6,water,undefined
false,false,false,Helioptile,エリキテル,694,6,electric,normal
false,false,false,Heliolisk,エレザード,695,6,electric,normal
false,false,false,Tyrunt,チゴラス,696,6,rock,dragon
false,false,false,Tyrantrum,ガチゴラス,697,6,rock,dragon
false,false,false,Amaura,アマルス,698,6,rock,ice
false,false,false,Aurorus,アマルルガ,699,6,rock,ice
false,false,false,Sylveon,ニンフィア,700,6,fairy,undefined
false,false,false,Hawlucha,ルチャブル,701,6,fighting,flying
false,false,false,Dedenne,デデンネ,702,6,electric,fairy
false,false,false,Carbink,メレシー,703,6,rock,fairy
false,false,false,Goomy,ヌメラ,704,6,dragon,undefined
false,false,false,Sliggoo,ヌメイル,705,6,dragon,undefined
false,false,false,Goodra,ヌメルゴン,706,6,dragon,undefined
false,false,false,Klefki,クレッフィ,707,6,steel,fairy
false,false,false,Phantump,ボクレー,708,6,ghost,grass
false,false,false,Trevenant,オーロット,709,6,ghost,grass
false,false,false,Pumpkaboo,バケッチャ,710,6,ghost,grass
false,false,false,Gourgeist,パンプジン,711,6,ghost,grass
false,false,false,Bergmite,カチコール,712,6,ice,undefined
false,false,false,Avalugg,クレベース,713,6,ice,undefined
false,false,false,Noibat,オンバット,714,6,flying,dragon
false,false,false,Noivern,オンバーン,715,6,flying,dragon
true,false,false,Xerneas,ゼルネアス,716,6,fairy,undefined
true,false,false,Yveltal,イベルタル,717,6,dark,flying
true,false,false,Zygarde,ジガルデ,718,6,dragon,ground
false,false,true,Diancie,ディアンシー,719,6,rock,fairy
false,false,true,Hoopa,フーパ,720,6,psychic,ghost
false,false,true,Volcanion,ボルケニオン,721,6,fire,water
false,false,false,Rowlet,モクロー,722,7,grass,flying
false,false,false,Dartrix,フクスロー,723,7,grass,flying
false,false,false,Decidueye,ジュナイパー,724,7,grass,ghost
false,false,false,Litten,ニャビー,725,7,fire,undefined
false,false,false,Torracat,ニャヒート,726,7,fire,undefined
false,false,false,Incineroar,ガオガエン,727,7,fire,dark
false,false,false,Popplio,アシマリ,728,7,water,undefined
false,false,false,Brionne,オシャマリ,729,7,water,undefined
false,false,false,Primarina,アシレーヌ,730,7,water,fairy
false,false,false,Pikipek,ツツケラ,731,7,normal,flying
false,false,false,Trumbeak,ケララッパ,732,7,normal,flying
false,false,false,Toucannon,ドデカバシ,733,7,normal,flying
false,false,false,Yungoos,ヤングース,734,7,normal,undefined
false,false,false,Gumshoos,デカグース,735,7,normal,undefined
false,false,false,Grubbin,アゴジムシ,736,7,bug,undefined
false,false,false,Charjabug,デンヂムシ,737,7,bug,electric
false,false,false,Vikavolt,クワガノン,738,7,bug,electric
false,false,false,Crabrawler,マケンカニ,739,7,fighting,undefined
false,false,false,Crabominable,ケケンカニ,740,7,fighting,ice
false,false,false,Oricorio,オドリドリ,741,7,fire,flying
false,false,false,Cutiefly,アブリー,742,7,bug,fairy
false,false,false,Ribombee,アブリボン,743,7,bug,fairy
false,false,false,Rockruff,イワンコ,744,7,rock,undefined
false,false,false,Lycanroc,ルガルガン,745,7,rock,undefined
false,false,false,Wishiwashi,ヨワシ,746,7,water,undefined
false,false,false,Mareanie,ヒドイデ,747,7,poison,water
false,false,false,Toxapex,ドヒドイデ,748,7,poison,water
false,false,false,Mudbray,ドロバンコ,749,7,ground,undefined
false,false,false,Mudsdale,バンバドロ,750,7,ground,undefined
false,false,false,Dewpider,シズクモ,751,7,water,bug
false,false,false,Araquanid,オニシズクモ,752,7,water,bug
false,false,false,Fomantis,カリキリ,753,7,grass,undefined
false,false,false,Lurantis,ラランテス,754,7,grass,undefined
false,false,false,Morelull,ネマシュ,755,7,grass,fairy
false,false,false,Shiinotic,マシェード,756,7,grass,fairy
false,false,false,Salandit,ヤトウモリ,757,7,poison,fire
false,false,false,Salazzle,エンニュート,758,7,poison,fire
false,false,false,Stufful,ヌイコグマ,759,7,normal,fighting
false,false,false,Bewear,キテルグマ,760,7,normal,fighting
false,false,false,Bounsweet,アマカジ,761,7,grass,undefined
false,false,false,Steenee,アママイコ,762,7,grass,undefined
false,false,false,Tsareena,アマージョ,763,7,grass,undefined
false,false,false,Comfey,キュワワー,764,7,fairy,undefined
false,false,false,Oranguru,ヤレユータン,765,7,normal,psychic
false,false,false,Passimian,ナゲツケサル,766,7,fighting,undefined
false,false,false,Wimpod,コソクムシ,767,7,bug,water
false,false,false,Golisopod,グソクムシャ,768,7,bug,water
false,false,false,Sandygast,スナバァ,769,7,ghost,ground
false,false,false,Palossand,シロデスナ,770,7,ghost,ground
false,false,false,Pyukumuku,ナマコブシ,771,7,water,undefined
true,false,false,Type: Null,タイプ：ヌル,772,7,normal,undefined
true,false,false,Silvally,シルヴァディ,773,7,normal,undefined
false,false,false,Minior,メテノ,774,7,rock,flying
false,false,false,Komala,ネッコアラ,775,7,normal,undefined
false,false,false,Turtonator,バクガメス,776,7,fire,dragon
false,false,false,Togedemaru,トゲデマル,777,7,electric,steel
false,false,false,Mimikyu,ミミッキュ,778,7,ghost,fairy
false,false,false,Bruxish,ハギギシリ,779,7,water,psychic
false,false,false,Drampa,ジジーロン,780,7,normal,dragon
false,false,false,Dhelmise,ダダリン,781,7,ghost,grass
false,false,false,Jangmo-o,ジャラコ,782,7,dragon,undefined
false,false,false,Hakamo-o,ジャランゴ,783,7,dragon,fighting
false,false,false,Kommo-o,ジャラランガ,784,7,dragon,fighting
true,false,false,Tapu Koko,カプ・コケコ,785,7,electric,fairy
true,false,false,Tapu Lele,カプ・テテフ,786,7,psychic,fairy
true,false,false,Tapu Bulu,カプ・ブルル,787,7,grass,fairy
true,false,false,Tapu Fini,カプ・レヒレ,788,7,water,fairy
true,false,false,Cosmog,コスモッグ,789,7,psychic,undefined
true,false,false,Cosmoem,コスモウム,790,7,psychic,undefined
true,false,false,Solgaleo,ソルガレオ,791,7,psychic,steel
true,false,false,Lunala,ルナアーラ,792,7,psychic,ghost
false,false,false,Nihilego,ウツロイド,793,7,rock,poison
false,false,false,Buzzwole,マッシブーン,794,7,bug,fighting
false,false,false,Pheromosa,フェローチェ,795,7,bug,fighting
false,false,false,Xurkitree,デンジュモク,796,7,electric,undefined
false,false,false,Celesteela,テッカグヤ,797,7,steel,flying
false,false,false,Kartana,カミツルギ,798,7,grass,steel
false,false,false,Guzzlord,アクジキング,799,7,dark,dragon
true,false,false,Necrozma,ネクロズマ,800,7,psychic,undefined
false,false,true,Magearna,マギアナ,801,7,steel,fairy
false,false,true,Marshadow,マーシャドー,802,7,fighting,ghost
false,false,false,Poipole,ベベノム,803,7,poison,undefined
false,false,false,Naganadel,アーゴヨン,804,7,poison,dragon
false,false,false,Stakataka,ツンデツンデ,805,7,rock,steel
false,false,false,Blacephalon,ズガドーン,806,7,fire,ghost
false,false,true,Zeraora,ゼラオラ,807,7,electric,undefined
false,false,true,Meltan,メルタン,808,7,steel,undefined
false,false,true,Melmetal,メルメタル,809,7,steel,undefined
false,false,false,Grookey,サルノリ,810,8,grass,undefined
false,false,false,Thwackey,バチンキー,811,8,grass,undefined
false,false,false,Rillaboom,ゴリランダー,812,8,grass,undefined
false,false,false,Scorbunny,ヒバニー,813,8,fire,undefined
false,false,false,Raboot,ラビフット,814,8,fire,undefined
false,false,false,Cinderace,エースバーン,815,8,fire,undefined
false,false,false,Sobble,メッソン,816,8,water,undefined
false,false,false,Drizzile,ジメレオン,817,8,water,undefined
false,false,false,Inteleon,インテレオン,818,8,water,undefined
false,false,false,Skwovet,ホシガリス,819,8,normal,undefined
false,false,false,Greedent,ヨクバリス,820,8,normal,undefined
false,false,false,Rookidee,ココガラ,821,8,flying,undefined
false,false,false,Corvisquire,アオガラス,822,8,flying,undefined
false,false,false,Corviknight,アーマーガア,823,8,flying,steel
false,false,false,Blipbug,サッチムシ,824,8,bug,undefined
false,false,false,Dottler,レドームシ,825,8,bug,psychic
false,false,false,Orbeetle,イオルブ,826,8,bug,psychic
false,false,false,Nickit,クスネ,827,8,dark,undefined
false,false,false,Thievul,フォクスライ,828,8,dark,undefined
false,false,false,Gossifleur,ヒメンカ,829,8,grass,undefined
false,false,false,Eldegoss,ワタシラガ,830,8,grass,undefined
false,false,false,Wooloo,ウールー,831,8,normal,undefined
false,false,false,Dubwool,バイウールー,832,8,normal,undefined
false,false,false,Chewtle,カムカメ,833,8,water,undefined
false,false,false,Drednaw,カジリガメ,834,8,water,rock
false,false,false,Yamper,ワンパチ,835,8,electric,undefined
false,false,false,Boltund,パルスワン,836,8,electric,undefined
false,false,false,Rolycoly,タンドン,837,8,rock,undefined
false,false,false,Carkol,トロッゴン,838,8,rock,fire
false,false,false,Coalossal,セキタンザン,839,8,rock,fire
false,false,false,Applin,カジッチュ,840,8,grass,dragon
false,false,false,Flapple,アップリュー,841,8,grass,dragon
false,false,false,Appletun,タルップル,842,8,grass,dragon
false,false,false,Silicobra,スナヘビ,843,8,ground,undefined
false,false,false,Sandaconda,サダイジャ,844,8,ground,undefined
false,false,false,Cramorant,ウッウ,845,8,flying,water
false,false,false,Arrokuda,サシカマス,846,8,water,undefined
false,false,false,Barraskewda,カマスジョー,847,8,water,undefined
false,true,false,Toxel,エレズン,848,8,electric,poison
false,false,false,Toxtricity,ストリンダー,849,8,electric,poison
false,false,false,Sizzlipede,ヤクデ,850,8,fire,bug
false,false,false,Centiskorch,マルヤクデ,851,8,fire,bug
false,false,false,Clobbopus,タタッコ,852,8,fighting,undefined
false,false,false,Grapploct,オトスパス,853,8,fighting,undefined
false,false,false,Sinistea,ヤバチャ,854,8,ghost,undefined
false,false,false,Polteageist,ポットデス,855,8,ghost,undefined
false,false,false,Hatenna,ミブリム,856,8,psychic,undefined
false,false,false,Hattrem,テブリム,857,8,psychic,undefined
false,false,false,Hatterene,ブリムオン,858,8,psychic,fairy
false,false,false,Impidimp,ベロバー,859,8,dark,fairy
false,false,false,Morgrem,ギモー,860,8,dark,fairy
false,false,false,Grimmsnarl,オーロンゲ,861,8,dark,fairy
false,false,false,Obstagoon,タチフサグマ,862,8,dark,normal
false,false,false,Perrserker,ニャイキング,863,8,steel,undefined
false,false,false,Cursola,サニゴーン,864,8,ghost,undefined
false,false,false,Sirfetch'd,ネギガナイト,865,8,fighting,undefined
false,false,false,Mr. Rime,バリコオル,866,8,ice,psychic
false,false,false,Runerigus,デスバーン,867,8,ground,ghost
false,false,false,Milcery,マホミル,868,8,fairy,undefined
false,false,false,Alcremie,マホイップ,869,8,fairy,undefined
false,false,false,Falinks,タイレーツ,870,8,fighting,undefined
false,false,false,Pincurchin,バチンウニ,871,8,electric,undefined
false,false,false,Snom,ユキハミ,872,8,ice,bug
false,false,false,Frosmoth,モスノウ,873,8,ice,bug
false,false,false,Stonjourner,イシヘンジン,874,8,rock,undefined
false,false,false,Eiscue,コオリッポ,875,8,ice,undefined
false,false,false,Indeedee,イエッサン,876,8,psychic,normal
false,false,false,Morpeko,モルペコ,877,8,electric,dark
false,false,false,Cufant,ゾウドウ,878,8,steel,undefined
false,false,false,Copperajah,ダイオウドウ,879,8,steel,undefined
false,false,false,Dracozolt,パッチラゴン,880,8,electric,dragon
false,false,false,Arctozolt,パッチルドン,881,8,electric,ice
false,false,false,Dracovish,ウオノラゴン,882,8,water,dragon
false,false,false,Arctovish,ウオチルドン,883,8,water,ice
false,false,false,Duraludon,ジュラルドン,884,8,steel,dragon
false,false,false,Dreepy,ドラメシヤ,885,8,dragon,ghost
false,false,false,Drakloak,ドロンチ,886,8,dragon,ghost
false,false,false,Dragapult,ドラパルト,887,8,dragon,ghost
true,false,false,Zacian,ザシアン,888,8,fairy,undefined
true,false,false,Zamazenta,ザマゼンタ,889,8,fighting,undefined
true,false,false,Eternatus,ムゲンダイナ,890,8,poison,dragon
true,false,false,Kubfu,ダクマ,891,8,fighting,undefined
true,false,false,Urshifu,ウーラオス,892,8,fighting,dark
false,false,true,Zarude,ザルード,893,8,dark,grass
true,false,false,Regieleki,レジエレキ,894,8,electric,undefined
true,false,false,Regidrago,レジドラゴ,895,8,dragon,undefined
true,false,false,Glastrier,ブリザポス,896,8,ice,undefined
true,false,false,Spectrier,レイスポス,897,8,ghost,undefined
true,false,false,Calyrex,バドレックス,898,8,psychic,grass
false,false,false,Wyrdeer,アヤシシ,899,8,normal,psychic
false,false,false,Kleavor,バサギリ,900,8,bug,rock
false,false,false,Ursaluna,ガチグマ,901,8,ground,normal
false,false,false,Basculegion,イダイトウ,902,8,water,ghost
false,false,false,Sneasler,オオニューラ,903,8,fighting,poison
false,false,false,Overqwil,ハリーマン,904,8,dark,poison
true,false,false,Enamorus,ラブトロス,905,8,fairy,flying
false,false,false,Sprigatito,ニャオハ,906,9,grass,undefined
false,false,false,Floragato,ニャローテ,907,9,grass,undefined
false,false,false,Meowscarada,マスカーニャ,908,9,grass,dark
false,false,false,Fuecoco,ホゲータ,909,9,fire,undefined
false,false,false,Crocalor,アチゲータ,910,9,fire,undefined
false,false,false,Skeledirge,ラウドボーン,911,9,fire,ghost
false,false,false,Quaxly,クワッス,912,9,water,undefined
false,false,false,Quaxwell,ウェルカモ,913,9,water,undefined
false,false,false,Quaquaval,ウェーニバル,914,9,water,fighting
false,false,false,Lechonk,グルトン,915,9,normal,undefined
false,false,false,Oinkologne,パフュートン,916,9,normal,undefined
false,false,false,Tarountula,タマンチュラ,917,9,bug,undefined
false,false,false,Spidops,ワナイダー,918,9,bug,undefined
false,false,false,Nymble,マメバッタ,919,9,bug,undefined
false,false,false,Lokix,エクスレッグ,920,9,bug,dark
false,false,false,Pawmi,パモ,921,9,electric,undefined
false,false,false,Pawmo,パモット,922,9,electric,fighting
false,false,false,Pawmot,パーモット,923,9,electric,fighting
false,false,false,Tandemaus,ワッカネズミ,924,9,normal,undefined
false,false,false,Maushold,イッカネズミ,925,9,normal,undefined
false,false,false,Fidough,パピモッチ,926,9,fairy,undefined
false,false,false,Dachsbun,バウッツェル,927,9,fairy,undefined
false,false,false,Smoliv,ミニーブ,928,9,grass,normal
false,false,false,Dolliv,オリーニョ,929,9,grass,normal
false,false,false,Arboliva,オリーヴァ,930,9,grass,normal
false,false,false,Squawkabilly,イキリンコ,931,9,normal,flying
false,false,false,Nacli,コジオ,932,9,rock,undefined
false,false,false,Naclstack,ジオヅム,933,9,rock,undefined
false,false,false,Garganacl,キョジオーン,934,9,rock,undefined
false,false,false,Charcadet,カルボウ,935,9,fire,undefined
false,false,false,Armarouge,グレンアルマ,936,9,fire,psychic
false,false,false,Ceruledge,ソウブレイズ,937,9,fire,ghost
false,false,false,Tadbulb,ズピカ,938,9,electric,undefined
false,false,false,Bellibolt,ハラバリー,939,9,electric,undefined
false,false,false,Wattrel,カイデン,940,9,electric,flying
false,false,false,Kilowattrel,タイカイデン,941,9,electric,flying
false,false,false,Maschiff,オラチフ,942,9,dark,undefined
false,false,false,Mabosstiff,マフィティフ,943,9,dark,undefined
false,false,false,Shroodle,シルシュルー,944,9,poison,normal
false,false,false,Grafaiai,タギングル,945,9,poison,normal
false,false,false,Bramblin,アノクサ,946,9,grass,ghost
false,false,false,Brambleghast,アノホラグサ,947,9,grass,ghost
false,false,false,Toedscool,ノノクラゲ,948,9,ground,grass
false,false,false,Toedscruel,リククラゲ,949,9,ground,grass
false,false,false,Klawf,ガケガニ,950,9,rock,undefined
false,false,false,Capsakid,カプサイジ,951,9,grass,undefined
false,false,false,Scovillain,スコヴィラン,952,9,grass,fire
false,false,false,Rellor,シガロコ,953,9,bug,undefined
false,false,false,Rabsca,ベラカス,954,9,bug,psychic
false,false,false,Flittle,ヒラヒナ,955,9,psychic,undefined
false,false,false,Espathra,クエスパトラ,956,9,psychic,undefined
false,false,false,Tinkatink,カヌチャン,957,9,fairy,steel
false,false,false,Tinkatuff,ナカヌチャン,958,9,fairy,steel
false,false,false,Tinkaton,デカヌチャン,959,9,fairy,steel
false,false,false,Wiglett,ウミディグダ,960,9,water,undefined
false,false,false,Wugtrio,ウミトリオ,961,9,water,undefined
false,false,false,Bombirdier,オトシドリ,962,9,flying,dark
false,false,false,Finizen,ナミイルカ,963,9,water,undefined
false,false,false,Palafin,イルカマン,964,9,water,undefined
false,false,false,Varoom,ブロロン,965,9,steel,poison
false,false,false,Revavroom,ブロロローム,966,9,steel,poison
false,false,false,Cyclizar,モトトカゲ,967,9,dragon,normal
false,false,false,Orthworm,ミミズズ,968,9,steel,undefined
false,false,false,Glimmet,キラーメ,969,9,rock,poison
false,false,false,Glimmora,キラフロル,970,9,rock,poison
false,false,false,Greavard,ボチ,971,9,ghost,undefined
false,false,false,Houndstone,ハカドッグ,972,9,ghost,undefined
false,false,false,Flamigo,カラミンゴ,973,9,flying,fighting
false,false,false,Cetoddle,アルクジラ,974,9,ice,undefined
false,false,false,Cetitan,ハルクジラ,975,9,ice,undefined
false,false,false,Veluza,ミガルーサ,976,9,water,psychic
false,false,false,Dondozo,ヘイラッシャ,977,9,water,undefined
false,false,false,Tatsugiri,シャリタツ,978,9,dragon,water
false,false,false,Annihilape,コノヨザル,979,9,fighting,ghost
false,false,false,Clodsire,ドオー,980,9,poison,ground
false,false,false,Farigiraf,リキキリン,981,9,normal,psychic
false,false,false,Dudunsparce,ノココッチ,982,9,normal,undefined
false,false,false,Kingambit,ドドゲザン,983,9,dark,steel
false,false,false,Great Tusk,イダイナキバ,984,9,ground,fighting
false,false,false,Scream Tail,サケブシッポ,985,9,fairy,psychic
false,false,false,Brute Bonnet,アラブルタケ,986,9,grass,dark
false,false,false,Flutter Mane,ハバタクカミ,987,9,ghost,fairy
false,false,false,Slither Wing,チヲハウハネ,988,9,bug,fighting
false,false,false,Sandy Shocks,スナノケガワ,989,9,electric,ground
false,false,false,Iron Treads,テツノワダチ,990,9,ground,steel
false,false,false,Iron Bundle,テツノツツミ,991,9,ice,water
false,false,false,Iron Hands,テツノカイナ,992,9,fighting,electric
false,false,false,Iron Jugulis,テツノコウベ,993,9,dark,flying
false,false,false,Iron Moth,テツノドクガ,994,9,fire,poison
false,false,false,Iron Thorns,テツノイバラ,995,9,rock,electric
false,false,false,Frigibax,セビエ,996,9,dragon,ice
false,false,false,Arctibax,セゴール,997,9,dragon,ice
false,false,false,Baxcalibur,セグレイブ,998,9,dragon,ice
false,false,false,Gimmighoul,コレクレー,999,9,ghost,undefined
false,false,false,Gholdengo,サーフゴー,1000,9,steel,ghost
true,false,false,Wo-Chien,チオンジェン,1001,9,dark,grass
true,false,false,Chien-Pao,パオジアン,1002,9,dark,ice
true,false,false,Ting-Lu,ディンルー,1003,9,dark,ground
true,false,false,Chi-Yu,イーユイ,1004,9,dark,fire
false,false,false,Roaring Moon,トドロクツキ,1005,9,dragon,dark
false,false,false,Iron Valiant,テツノブジン,1006,9,fairy,fighting
true,false,false,Koraidon,コライドン,1007,9,fighting,dragon
true,false,false,Miraidon,ミライドン,1008,9,electric,dragon
false,false,false,Walking Wake,ウネルミナモ,1009,9,water,dragon
false,false,false,Iron Leaves,テツノイサハ,1010,9,grass,psychic
false,false,false,Dipplin,カミッチュ,1011,9,grass,dragon
false,false,false,Poltchageist,チャデス,1012,9,grass,ghost
false,false,false,Sinistcha,ヤバソチャ,1013,9,grass,ghost
true,false,false,Okidogi,イイネイヌ,1014,9,poison,fighting
true,false,false,Munkidori,マシマシラ,1015,9,poison,psychic
true,false,false,Fezandipiti,キチキギス,1016,9,poison,fairy
true,false,false,Ogerpon,オーガポン,1017,9,grass,undefined
false,false,false,Archaludon,ブリジュラス,1018,9,steel,dragon
false,false,false,Hydrapple,カミツオロチ,1019,9,grass,dragon
false,false,false,Gouging Fire,ウガツホムラ,1020,9,fire,dragon
false,false,false,Raging Bolt,タケルライコ,1021,9,electric,dragon
false,false,false,Iron Boulder,テツノイワオ,1022,9,rock,psychic
false,false,false,Iron Crown,テツノカシラ,1023,9,steel,psychic
true,false,false,Terapagos,テラパゴス,1024,9,normal,undefined
false,false,true,Pecharunt,モモワロウ,1025,9,poison,ghost